"Date","Open","High","Low","Close","Volume","Ex-Dividend","Split Ratio","Adj. Open","Adj. High","Adj. Low","Adj. Close","Adj. Volume"
2015-06-26,34.09,34.18,33.78,33.92,1496504,0,1,34.09,34.18,33.78,33.92,1496504
2015-06-25,34.41,34.45,33.67,34.01,3015265,0,1,34.41,34.45,33.67,34.01,3015265
2015-06-24,35.15,35.24,34.02,34.41,4216276,0,1,35.15,35.24,34.02,34.41,4216276
2015-06-23,36.88,36.91,34.88,35.11,6774741,0,1,36.88,36.91,34.88,35.11,6774741
2015-06-22,37.33,37.39,36.9,36.92,1606233,0,1,37.33,37.39,36.9,36.92,1606233
2015-06-19,37.17,37.4,37.08,37.09,1136014,0,1,37.17,37.4,37.08,37.09,1136014
2015-06-18,36.75,37.45,36.75,37.29,1883651,0,1,36.75,37.45,36.75,37.29,1883651
2015-06-17,36.49,36.84,36.36,36.67,976114,0,1,36.49,36.84,36.36,36.67,976114
2015-06-16,36.44,36.57,36.22,36.43,1489121,0,1,36.44,36.57,36.22,36.43,1489121
2015-06-15,36.34,36.61,36.26,36.47,1610125,0,1,36.34,36.61,36.26,36.47,1610125
2015-06-12,36.79,36.87,36.52,36.68,1279220,0,1,36.79,36.87,36.52,36.68,1279220
2015-06-11,36.89,37.05,36.72,36.9,1832808,0,1,36.89,37.05,36.72,36.9,1832808
2015-06-10,36.5,36.95,36.26,36.83,1688213,0,1,36.5,36.95,36.26,36.83,1688213
2015-06-09,36.63,36.75,36.37,36.49,1440230,0,1,36.63,36.75,36.37,36.49,1440230
2015-06-08,36.5,36.68,36.49,36.49,1869374,0,1,36.5,36.68,36.49,36.49,1869374
2015-06-05,36.41,36.6899,36.32,36.53,1914600,0,1,36.41,36.6899,36.32,36.53,1914600
2015-06-04,36.4,36.69,36.31,36.52,1307659,0,1,36.4,36.69,36.31,36.52,1307659
2015-06-03,36.84,36.94,36.55,36.72,1219895,0,1,36.84,36.94,36.55,36.72,1219895
2015-06-02,36.5,36.98,36.44,36.73,1172183,0,1,36.5,36.98,36.44,36.73,1172183
2015-06-01,36.64,36.88,36.49,36.68,1613157,0,1,36.64,36.88,36.49,36.68,1613157
2015-05-29,36.91,37.07,36.47,36.48,2319559,0,1,36.91,37.07,36.47,36.48,2319559
2015-05-28,36.97,37.07,36.74,36.98,1422220,0,1,36.97,37.07,36.74,36.98,1422220
2015-05-27,36.95,37.18,36.56,37.01,2057385,0,1,36.95,37.18,36.56,37.01,2057385
2015-05-26,37.5,37.7,36.71,36.76,1945124,0,1,37.5,37.7,36.71,36.76,1945124
2015-05-22,37.71,38,37.59,37.81,1638986,0,1,37.71,38,37.59,37.81,1638986
2015-05-21,37.49,38.005,37.32,37.68,2090317,0,1,37.49,38.005,37.32,37.68,2090317
2015-05-20,37.43,37.72,37.08,37.52,3236986,0,1,37.43,37.72,37.08,37.52,3236986
2015-05-19,37.49,37.61,37.14,37.53,1664843,0,1,37.49,37.61,37.14,37.53,1664843
2015-05-18,37.43,37.56,37.28,37.44,1907167,0,1,37.43,37.56,37.28,37.44,1907167
2015-05-15,37.85,38.15,37.39,37.44,3178779,0,1,37.85,38.15,37.39,37.44,3178779
2015-05-14,38.32,38.46,37.66,37.77,2405983,0,1,38.32,38.46,37.66,37.77,2405983
2015-05-13,38.37,38.42,37.9887,38.07,1726843,0,1,38.37,38.42,37.9887,38.07,1726843
2015-05-12,37.29,38.41,37.14,38.25,3336635,0,1,37.29,38.41,37.14,38.25,3336635
2015-05-11,37.43,37.87,37.33,37.61,1504903,0,1,37.43,37.87,37.33,37.61,1504903
2015-05-08,37.54,38.02,37.45,37.53,1917882,0,1,37.54,38.02,37.45,37.53,1917882
2015-05-07,36.71,37.26,36.51,37.12,1739094,0,1,36.71,37.26,36.51,37.12,1739094
2015-05-06,37.26,37.31,36.465,36.68,2827035,0,1,37.26,37.31,36.465,36.68,2827035
2015-05-05,37.59,37.72,36.89,37.07,3025396,0,1,37.59,37.72,36.89,37.07,3025396
2015-05-04,37.95,38.25,37.6,37.61,1358650,0,1,37.95,38.25,37.6,37.61,1358650
2015-05-01,37.65,37.81,37.44,37.79,2209644,0,1,37.65,37.81,37.44,37.79,2209644
2015-04-30,37.88,38.17,37.34,37.6,4383798,0,1,37.88,38.17,37.34,37.6,4383798
2015-04-29,39.15,39.33,37.8,37.93,3920967,0,1,39.15,39.33,37.8,37.93,3920967
2015-04-28,40.1,40.51,39.83,39.93,2635053,0,1,40.1,40.51,39.83,39.93,2635053
2015-04-27,40.96,40.96,40.13,40.22,1188874,0.21,1,40.96,40.96,40.13,40.22,1188874
2015-04-24,40.77,40.98,40.3401,40.94,2253165,0,1,40.558233984665,40.767143210487,40.130566955231,40.727350976997,2253165
2015-04-23,40.58,41.08,40.39,40.66,2902428,0,1,40.369220875587,40.866623794212,40.18020776651,40.448805342567,2902428
2015-04-22,40.42,40.815,39.71,40.59,1958211,0,1,40.210051941628,40.603000247341,39.50373979718,40.37916893396,1958211
2015-04-21,40.76,40.83,39.88,40.34,2374693,0,1,40.548285926292,40.6179223349,39.672856789513,40.130467474648,2374693
2015-04-20,41,41.24,40.645,40.68,1673508,0,1,40.787039327232,41.025792728172,40.433883255009,40.468701459312,1673508
2015-04-17,40.74,41,40.25,40.63,2108401,0,1,40.528389809547,40.787039327232,40.040934949295,40.41896116745,2108401
2015-04-16,42.29,42.29,41.06,41.1,2967940,0,1,42.070338857284,42.070338857284,40.846727677467,40.886519910957,2967940
2015-04-15,42.25,42.88,41.94,42.61,2364294,0,1,42.030546623794,42.657274301261,41.722156814247,42.388676725204,2364294
2015-04-14,41.61,42.335,41.52,42.17,1431371,0,1,41.393870887954,42.11510511996,41.304338362602,41.950962156814,1431371
2015-04-13,41.74,42.3199,41.55,41.57,2361476,0,1,41.523195646797,42.100083551818,41.33418253772,41.354078654465,2361476
2015-04-10,41.5,42.05,41.4,41.91,2382676,0,1,41.284442245857,41.831585456344,41.184961662132,41.692312639129,2382676
2015-04-09,41.69,41.94,41.52,41.81,2031455,0,1,41.473455354934,41.722156814247,41.304338362602,41.592832055404,2031455
2015-04-08,41.29,41.71,41.0601,41.64,2105980,0,1,41.075533020035,41.493351471679,40.846827158051,41.423715063072,2105980
2015-04-07,42.16,42.33,41.47,41.52,1731626,0,1,41.941014098442,42.110131090774,41.25459807074,41.304338362602,1731626
2015-04-06,41.55,42.59,41.37,42.34,2885385,0,1,41.33418253772,42.368780608459,41.155117487015,42.120079149147,2885385
2015-04-02,41.59,41.98,41.47,41.77,1691378,0,1,41.37397477121,41.761949047737,41.25459807074,41.553039821914,1691378
2015-04-01,41.48,41.73,41.09,41.66,3288383,0,1,41.264546129112,41.513247588424,40.876571852585,41.443611179817,3288383
2015-03-31,41.46,41.72,41.14,41.52,2514893,0,1,41.244650012367,41.503299530052,40.926312144447,41.304338362602,2514893
2015-03-30,41.23,41.88,41.14,41.64,1587518,0,1,41.0158446698,41.662468464012,40.926312144447,41.423715063072,1587518
2015-03-27,41,41.23,40.84,41.06,1559853,0,1,40.787039327232,41.0158446698,40.627870393272,40.846727677467,1559853
2015-03-26,40.59,41.39,40.29,41.01,2987489,0,1,40.37916893396,41.17501360376,40.080727182785,40.796987385605,2987489
2015-03-25,41.43,41.45,40.71,40.71,1791759,0,1,41.21480583725,41.234701953995,40.49854563443,40.49854563443,1791759
2015-03-24,41.66,41.9,41.26,41.44,2777329,0,1,41.443611179817,41.682364580757,41.045688844917,41.224753895622,2777329
2015-03-23,40.43,42.075,40.25,41.63,4969391,0,1,40.22,41.856455602276,40.040934949295,41.413767004699,4969391
2015-03-20,39.65,40.56,39.55,40.35,3454388,0,1,39.444051446945,40.349324758842,39.34457086322,40.14041553302,3454388
2015-03-19,40.11,40.23,38.59,39.37,3396170,0,1,39.90166213208,40.02103883255,38.389557259461,39.165505812515,3396170
2015-03-18,39.28,40.88,39.18,40.29,3584414,0,1,39.075973287163,40.667662626762,38.976492703438,40.080727182785,3584414
2015-03-17,38.89,39.49,38.51,39.4,2248780,0,1,38.687999010636,39.284882512985,38.309972792481,39.195349987633,2248780
2015-03-16,38.5,38.99,38.28,38.97,2172832,0,1,38.300024734108,38.787479594361,38.081167449913,38.767583477616,2172832
2015-03-13,38.3,38.45,37.155,38.39,1733059,0,1,38.101063566658,38.250284442246,36.962010883008,38.190596092011,1733059
2015-03-12,38.2,38.5,37.93,38.34,1971327,0,1,38.001582982933,38.300024734108,37.732985406876,38.140855800148,1971327
2015-03-11,37.78,38.21,37.61,38.14,1421402,0,1,37.583764531289,38.011531041306,37.414647538956,37.941894632698,1421402
2015-03-10,38.64,38.77,37.86,37.88,2012073,0,1,38.439297551323,38.568622310166,37.663348998269,37.683245115014,2012073
2015-03-09,38.12,39.15,37.99,38.97,2317824,0,1,37.921998515953,38.946648528321,37.792673757111,38.767583477616,2317824
2015-03-06,38.67,39.03,37.93,38.06,2020240,0,1,38.469141726441,38.827271827851,37.732985406876,37.862310165719,2020240
2015-03-05,38.53,39.09,38.34,39.03,1520245,0,1,38.329868909226,38.886960178086,38.140855800148,38.827271827851,1520245
2015-03-04,38.6,38.75,38.22,38.34,1691413,0,1,38.399505317833,38.548726193421,38.021479099678,38.140855800148,1691413
2015-03-03,38.92,38.97,38.36,38.83,1912306,0,1,38.717843185753,38.767583477616,38.160751916893,38.628310660401,1912306
2015-03-02,39.2,39.42,38.75,39.08,1248232,0,1,38.996388820183,39.215246104378,38.548726193421,38.877012119713,1248232
2015-02-27,39.53,39.73,39.11,39.22,1301884,0,1,39.324674746475,39.523635913925,38.906856294831,39.016284936928,1301884
2015-02-26,39.75,39.98,39.36,39.51,1443215,0,1,39.54353203067,39.772337373238,39.155557754143,39.30477862973,1443215
2015-02-25,39.4,39.83,39.32,39.81,1302198,0,1,39.195349987633,39.62311649765,39.115765520653,39.603220380905,1302198
2015-02-24,39.72,39.97,39.36,39.42,1925848,0,1,39.513687855553,39.762389314865,39.155557754143,39.215246104378,1925848
2015-02-23,39.18,39.86,39.12,39.84,1578739,0,1,38.976492703438,39.652960672768,38.916804353203,39.633064556023,1578739
2015-02-20,39.04,39.52,38.25,39.38,1987192,0,1,38.837219886223,39.314726688103,38.051323274796,39.175453870888,1987192
2015-02-19,38.93,39.32,38.4,39.13,1600862,0,1,38.727791244126,39.115765520653,38.200544150383,38.926752411576,1600862
2015-02-18,38.9,39.49,38.8,39.07,1983119,0,1,38.697947069008,39.284882512985,38.598466485283,38.867064061341,1983119
2015-02-17,38.86,39.22,38.51,39,2586130,0,1,38.658154835518,39.016284936928,38.309972792481,38.797427652733,2586130
2015-02-13,38.1,38.5,37.81,38.21,1997611,0,1,37.902102399209,38.300024734108,37.613608706406,38.011531041306,1997611
2015-02-12,37.41,38.42,37.31,38.1,2490246,0,1,37.215686371506,38.220440267128,37.116205787781,37.902102399209,2490246
2015-02-11,37.23,37.28,36.89,37.17,1616497,0,1,37.036621320801,37.086361612664,36.698387336137,36.976932970566,1616497
2015-02-10,37.34,37.55,37.08,37.3,1673774,0,1,37.146049962899,37.354959188721,36.887400445214,37.106257729409,1673774
2015-02-09,36.965,37.37,36.73,37.12,1354961,0,1,36.77299777393,37.175894138016,36.539218402177,36.927192678704,1354961
2015-02-06,37.49,37.64,37.07,37.32,2016018,0,1,37.295270838486,37.444491714074,36.877452386841,37.126153846154,2016018
2015-02-05,36.18,37.5,36,37.47,2339864,0,1,35.992075191689,37.305218896859,35.813010140984,37.275374721741,2339864
2015-02-04,35.81,36.63,35.64,36.12,1823371,0,1,35.623997031907,36.439737818452,35.454880039575,35.932386841454,1823371
2015-02-03,35.86,36.3,35.41,36.01,2253184,0,1,35.673737323769,36.111451892159,35.226074697007,35.822958199357,2253184
2015-02-02,34.59,35.63,34.22,35.48,2018367,0,1,34.410333910463,35.444931981202,34.04225575068,35.295711105615,2018367
2015-01-30,34.47,35.11,34.34,34.4,2299474,0,1,34.290957209993,34.927632945832,34.16163245115,34.221320801385,2299474
2015-01-29,34.45,34.9,32.89,34.79,3722180,0,1,34.271061093248,34.71872372001,32.719163987138,34.609295077912,3722180
2015-01-28,35.37,36.08,34.35,34.38,5655933,0,1,35.186282463517,35.892594607964,34.171580509523,34.20142468464,5655933
2015-01-26,34.65,34.77,33.7,33.82,2436682,0,1,34.470022260697,34.589398961167,33.52495671531,33.64433341578,2436682
2015-01-23,34.72,35.15,34.54,34.97,1877559,0,1,34.539658669305,34.967425179322,34.3605936186,34.788360128617,1877559
2015-01-22,34.28,34.76,33.57,34.67,1557680,0,1,34.101944100915,34.579450902795,33.395631956468,34.489918377442,1557680
2015-01-21,33.5,34.18,33.38,34.08,2306721,0,1,33.325995547861,34.00246351719,33.206618847391,33.902982933465,2306721
2015-01-20,33.75,33.82,33.2,33.51,2448321,0,1,33.574697007173,33.64433341578,33.027553796686,33.335943606233,2448321
2015-01-15,34.23,34.44,33.49,33.53,1939077,0,1,34.052203809053,34.261113034875,33.316047489488,33.355839722978,1939077
2015-01-14,33.95,34.2,33.345,33.99,2470582,0,1,33.773658174623,34.022359633935,33.171800643087,33.813450408113,2470582
2015-01-13,34.83,35.07,33.85,34.39,2373183,0,1,34.649087311402,34.887840712342,33.674177590898,34.211372743013,2373183
2015-01-12,35.39,35.5,34.05,34.56,3509698,0,1,35.206178580262,35.31560722236,33.873138758348,34.380489735345,3509698
2015-01-08,35.18,35.99,35.02,35.84,1935265,0,1,34.99726935444,35.803062082612,34.83810042048,35.653841207024,1935265
2015-01-06,35.13,35.23,34.57,34.75,1761768,0,1,34.947529062577,35.047009646302,34.390437793718,34.569502844422,1761768
2015-01-05,35.84,35.86,34.88,35.16,2000365,0,1,35.653841207024,35.673737323769,34.698827603265,34.977373237695,2000365
2015-01-02,36.43,36.62,35.81,36.13,1339883,0,1,36.240776651002,36.429789760079,35.623997031907,35.942334899827,1339883
2014-12-31,36.33,36.9,35.98,36.23,1956135,0,1,36.141296067277,36.708335394509,35.793114024239,36.041815483552,1956135
2014-12-30,36.02,36.6,35.95,36.33,1525232,0,1,35.832906257729,36.409893643334,35.763269849122,36.141296067277,1525232
2014-12-26,35.57,36.03,35.45,35.88,946310,0,1,35.385243630967,35.842854316102,35.265866930497,35.693633440514,946310
2014-12-24,35.38,35.69,35.07,35.38,587500,0,1,35.19623052189,35.504620331437,34.887840712342,35.19623052189,587500
2014-12-23,35.52,36.41,35.105,35.27,2355856,0,1,35.335503339105,36.220880534257,34.922658916646,35.086801879792,2355856
2014-12-22,34.61,35.12,34.4,35.03,1895699,0,1,34.430230027208,34.937581004205,34.221320801385,34.848048478852,1895699
2014-12-19,33.58,35.35,33.57,34.55,4571344,0,1,33.40558001484,35.166386346772,33.395631956468,34.370541676973,4571344
2014-12-18,32.49,33.69,32.3659,33.69,3070173,0,1,32.321241652238,33.515008656938,32.197786247836,33.515008656938,3070173
2014-12-17,31.5,32.18,31.21,32.06,2516046,0,1,31.336383873361,32.012851842691,31.047890180559,31.893475142221,2516046
2014-12-16,30.71,32.37,30.52,31.44,3265304,0,1,30.550487261934,32.201864951768,30.361474152857,31.276695523126,3265304
2014-12-15,30.59,31.07,30.45,30.71,2430788,0,1,30.431110561464,30.908617363344,30.291837744249,30.550487261934,2430788
2014-12-12,31.05,31.29,30.49,30.51,4191556,0,1,30.888721246599,31.127474647539,30.331629977739,30.351526094484,4191556
2014-12-10,32.54,32.6,31.755,31.94,2591629,0,1,32.370981944101,32.430670294336,31.59005936186,31.774098441751,2591629
2014-12-09,31.89,32.74,31.72,32.7,2603504,0,1,31.724358149889,32.569943111551,31.555241157556,32.530150878061,2603504
2014-12-05,34.55,34.95,34.34,34.82,1472932,0,1,34.370541676973,34.768464011872,34.16163245115,34.63913925303,1472932
2014-12-04,34.83,35.06,34.24,34.37,1126458,0,1,34.649087311402,34.87789265397,34.062151867425,34.191476626268,1126458
2014-12-02,34.2,34.69,34.11,34.49,1808235,0,1,34.022359633935,34.509814494187,33.932827108583,34.310853326738,1808235
2014-12-01,34.78,34.87,33.42,34,3683300,0,1,34.59934701954,34.688879544892,33.246411080881,33.823398466485,3683300
2014-11-28,35.74,35.82,34.86,34.94,1343752,0,1,35.5543606233,35.633945090279,34.67893148652,34.7585159535,1343752
2014-11-26,36.32,36.32,35.71,35.83,1403551,0,1,36.131348008904,36.131348008904,35.524516448182,35.643893148652,1403551
2014-11-25,36.32,36.37,35.99,36.29,1030195,0,1,36.131348008904,36.181088300767,35.803062082612,36.101503833787,1030195
2014-11-24,36.37,36.43,35.23,36.26,1823631,0,1,36.181088300767,36.240776651002,35.047009646302,36.071659658669,1823631
2014-11-21,36.05,36.56,35.94,36.32,2018330,0,1,35.862750432847,36.370101409844,35.753321790749,36.131348008904,2018330
2014-11-20,35.26,35.82,35.07,35.65,1102940,0,1,35.07685382142,35.633945090279,34.887840712342,35.464828097947,1102940
2014-11-19,35.35,35.52,35,35.37,1215849,0,1,35.166386346772,35.335503339105,34.818204303735,35.186282463517,1215849
2014-11-18,35.47,35.55,35.16,35.37,1489368,0,1,35.285763047242,35.365347514222,34.977373237695,35.186282463517,1489368
2014-11-17,35.8,35.8,35.13,35.4,1392132,0,1,35.614048973535,35.614048973535,34.947529062577,35.216126638635,1392132
2014-11-14,34.92,35.99,34.595,35.98,2225754,0,1,34.738619836755,35.803062082612,34.415307939649,35.793114024239,2225754
2014-11-13,36.76,37.03,34.55,35.02,4282984,0,1,36.569062577294,36.837660153351,34.370541676973,34.83810042048,4282984
2014-11-12,37.52,37.79,36.38,36.77,4876952,0,1,37.325115013604,37.593712589661,36.191036359139,36.579010635667,4876952
2014-11-11,36.89,36.9,35.39,35.65,3734812,0,1,36.698387336137,36.708335394509,35.206178580262,35.464828097947,3734812
2014-11-10,36.26,36.87,36.18,36.84,2623460,0,1,36.071659658669,36.678491219392,35.992075191689,36.648647044274,2623460
2014-11-07,36.1,36.29,35.85,36.2,1336406,0,1,35.912490724709,36.101503833787,35.663789265397,36.011971308434,1336406
2014-11-06,35.99,36.12,35.75,36.07,1015174,0,1,35.803062082612,35.932386841454,35.564308681672,35.882646549592,1015174
2014-11-04,35.13,35.69,35.02,35.49,819188,0,1,34.947529062577,35.504620331437,34.83810042048,35.305659163987,819188
2014-11-03,35.78,35.99,35.265,35.32,1303979,0,1,35.59415285679,35.803062082612,35.081827850606,35.136542171655,1303979
2014-10-31,35.77,35.86,35.464,35.84,1314882,0,1,35.584204798417,35.673737323769,35.279794212219,35.653841207024,1314882
2014-10-30,34.75,35.34,34.66,35.19,1221287,0,1,34.569502844422,35.1564382884,34.47997031907,35.007217412812,1221287
2014-10-29,35.11,35.56,34.4955,34.92,1353449,0,1,34.927632945832,35.375295572595,34.316324758842,34.738619836755,1353449
2014-10-28,34.33,35.17,34.15,35.07,1300891,0,1,34.151684392778,34.987321296067,33.972619342073,34.887840712342,1300891
2014-10-27,34.07,34.2,33.66,34.1,662625,0.2,1,33.893034875093,34.022359633935,33.48516448182,33.92287905021,662625
2014-10-24,33.97,34.54,33.95,34.5,748927,0,1,33.59650732757,34.16024030304,33.576727223167,34.120680094235,748927
2014-10-23,34.02,34.41,33.88,34.12,1452433,0,1,33.645957588576,34.031669624424,33.507496857759,33.744858110588,1452433
2014-10-22,33.82,34.13,33.725,33.73,2278429,0,1,33.448156544551,33.754748162789,33.35420104864,33.35914607474,2278429
2014-10-21,33,33.83,33,33.8,1416712,0,1,32.637172264051,33.458046596753,32.637172264051,33.428376440149,1416712
2014-10-20,32.66,32.94,32.43,32.93,1449920,0,1,32.300910489209,32.577831950843,32.073439288581,32.567941898642,1449920
2014-10-17,32.47,33.65,32.25,32.83,2683921,0,1,32.112999497386,33.28002565713,31.895418348959,32.46904137663,2683921
2014-10-16,32,32.62,31.8901,31.96,2680397,0,1,31.648167043928,32.261350280404,31.539475370236,31.608606835123,2680397
2014-10-15,31.75,32.58,31.51,32.46,2719466,0,1,31.400915738897,32.221790071599,31.163554486068,32.103109445184,2719466
2014-10-14,32.1,32.36,31.9,32.21,2041218,0,1,31.74706756594,32.004208923172,31.549266521916,31.855858140154,2041218
2014-10-13,32.16,32.63,31.71,31.88,2140310,0,1,31.806407879148,32.271240332605,31.361355530092,31.529486417513,2140310
2014-10-10,33.11,33.21,32.115,32.14,2453832,0,1,32.745962838264,32.844863360276,31.761902644242,31.786627774745,2453832
2014-10-09,33.885,34.03,33.03,33.07,2172833,0,1,33.512441883859,33.655847640777,32.666842420654,32.706402629459,2172833
2014-10-08,33.19,33.95,32.47,33.9,3770222,0,1,32.825083255874,33.576727223167,32.112999497386,33.527276962161,3770222
2014-10-07,34.57,34.63,33.18,33.27,2670331,0,1,34.189910459643,34.249250772851,32.815193203673,32.904203673484,2670331
2014-10-06,35.04,35.12,34.46,34.78,1516843,0,1,34.654742913101,34.733863330711,34.08111988543,34.397601555869,1516843
2014-10-03,34.48,35.03,34.18,34.92,1671756,0,1,34.100899989832,34.6448528609,33.804198423796,34.536062286686,1671756
2014-10-01,35.18,35.4,34.6,34.67,1722512,0,1,34.793203643918,35.010784792345,34.219580616247,34.288810981656,1722512
2014-09-30,35.57,35.7,35.23,35.46,1255855,0,1,35.178915679766,35.307486358382,34.842653904924,35.070125105553,1255855
2014-09-29,35.29,35.6,35.12,35.57,1361596,0,1,34.901994218132,35.20858583637,34.733863330711,35.178915679766,1361596
2014-09-26,35.43,35.89,35.42,35.61,1627826,0,1,35.040454948949,35.495397350205,35.030564896748,35.218475888571,1627826
2014-09-25,35.89,36.11,35.13,35.37,1683677,0,1,35.495397350205,35.712978498632,34.743753382912,34.981114635742,1683677
2014-09-24,35.54,36.06,35.31,36.04,1872127,0,1,35.149245523162,35.663528237626,34.921774322534,35.643748133224,1872127
2014-09-23,36.37,36.5,35.41,35.45,2533689,0,1,35.970119855864,36.09869053448,35.020674844546,35.060235053351,2533689
2014-09-22,36.96,37.01,36.4,36.53,1169558,0,1,36.553632935737,36.603083196743,35.999790012468,36.128360691084,1169558
2014-09-19,37.41,37.5,36.84,37.07,2228475,0,1,36.998685284792,37.087695754603,36.434952309322,36.66242350995,2228475
2014-09-18,37.13,37.41,36.97,37.36,962686,0,1,36.721763823158,36.998685284792,36.563522987938,36.949235023786,962686
2014-09-17,36.77,37.27,36.87,36.95,1184858,0,1,36.365721943913,36.860224553975,36.464622465926,36.543742883536,1184858
2014-09-16,36.77,37.23,36.685,37.1,1175131,0,1,36.365721943913,36.82066434517,36.281656500203,36.692093666554,1175131
2014-09-15,36.74,37.04,36.59,36.85,846829,0,1,36.33605178731,36.632753353347,36.187701004291,36.444842361523,846829
2014-09-12,36.93,37.04,36.48,36.87,1325957,0,1,36.523962779133,36.632753353347,36.078910430078,36.464622465926,1325957
2014-09-11,36.66,37.05,36.64,36.99,1051421,0,1,36.2569313697,36.642643405548,36.237151265297,36.58330309234,1051421
2014-09-10,36.35,36.73,36.16,36.71,1449919,0,1,35.950339751462,36.326161735109,35.762428759639,36.306381630706,1449919
2014-09-09,36.82,36.91,35.92,36.26,2009813,0,1,36.41517220492,36.504182674731,35.525067506809,35.861329281651,2009813
2014-09-08,36.91,37.34,36.91,37.2,1284042,0,1,36.504182674731,36.929454919383,36.504182674731,36.790994188566,1284042
2014-09-05,37.11,37.14,36.6,37.03,926614,0,1,36.701983718755,36.731653875359,36.197591056493,36.622863301145,926614
2014-09-04,37.04,37.37,36.74,36.88,1037423,0,1,36.632753353347,36.959125075987,36.33605178731,36.474512518127,1037423
2014-09-03,37.02,37.18,36.75,36.99,1047305,0,1,36.612973248944,36.771214084164,36.345941839511,36.58330309234,1047305
2014-09-02,36.82,37.09,36.63,36.96,1178847,0,1,36.41517220492,36.682203614353,36.227261213096,36.553632935737,1178847
2014-08-29,37.13,37.16,36.62,36.86,915331,0,1,36.721763823158,36.751433979761,36.217371160895,36.454732413724,915331
2014-08-28,36.75,37.195,36.59,36.95,929873,0,1,36.345941839511,36.786049162466,36.187701004291,36.543742883536,929873
2014-08-27,37.2,37.23,36.41,36.92,1501016,0,1,36.790994188566,36.82066434517,36.009680064669,36.514072726932,1501016
2014-08-26,37.16,37.44,36.91,37.1,1159013,0,1,36.751433979761,37.028355441396,36.504182674731,36.692093666554,1159013
2014-08-25,37.26,37.43,36.82,37.22,1593509,0,1,36.850334501774,37.018465389194,36.41517220492,36.810774292969,1593509
2014-08-22,37.04,37.19,36.59,37.02,1230240,0,1,36.632753353347,36.781104136365,36.187701004291,36.612973248944,1230240
2014-08-21,37.14,37.5,36.9575,37.04,2033915,0,1,36.731653875359,37.087695754603,36.551160422686,36.632753353347,2033915
2014-08-20,36.41,37.37,36.27,37.22,3521160,0,1,36.009680064669,36.959125075987,35.871219333852,36.810774292969,3521160
2014-08-19,36.64,36.75,36.23,36.24,1713023,0,1,36.237151265297,36.345941839511,35.831659125047,35.841549177248,1713023
2014-08-18,36.53,36.9575,36.295,36.64,2411483,0,1,36.128360691084,36.551160422686,35.895944464355,36.237151265297,2411483
2014-08-15,37.08,37.3,36.18,36.41,2464646,0,1,36.672313562151,36.889894710578,35.782208864041,36.009680064669,2464646
2014-08-14,36.81,37.09,36.66,37.07,1696890,0,1,36.405282152718,36.682203614353,36.2569313697,36.66242350995,1696890
2014-08-13,36.65,36.91,36.39,36.81,1569141,0,1,36.247041317499,36.504182674731,35.989899960267,36.405282152718,1569141
2014-08-12,36.24,36.78,36.19,36.6,2030233,0,1,35.841549177248,36.375611996115,35.792098916242,36.197591056493,2030233
2014-08-11,35.53,36.65,35.51,36.35,2998835,0,1,35.139355470961,36.247041317499,35.119575366559,35.950339751462,2998835
2014-08-08,34.8,35.51,34.72,35.5,1929673,0,1,34.417381660272,35.119575366559,34.338261242662,35.109685314358,1929673
2014-08-07,34.87,34.93,34.59,34.72,1444355,0,1,34.48661202568,34.545952338888,34.209690564046,34.338261242662,1444355
2014-08-06,34.38,35,34.2,34.67,2376797,0,1,34.00199946782,34.615182704296,33.823978528198,34.288810981656,2376797
2014-08-05,34.38,34.7,34.23,34.46,1904458,0,1,34.00199946782,34.318481138259,33.853648684802,34.08111988543,1904458
2014-08-04,34.04,34.69,33.87,34.54,1522246,0,1,33.665737692978,34.308591086058,33.497606805557,34.16024030304,1522246
2014-08-01,34.63,34.95,33.8,34,2411312,0,1,34.249250772851,34.56573244329,33.428376440149,33.626177484173,2411312
2014-07-31,34.625,35,34.157,34.8,3707137,0,1,34.24430574675,34.615182704296,33.781451303733,34.417381660272,3707137
2014-07-30,34.9,35.89,33.16,34.78,10892082,0,1,34.516282182284,35.495397350205,32.79541309927,34.397601555869,10892082
2014-07-29,33.19,33.38,32.94,33,2373018,0,1,32.825083255874,33.012994247697,32.577831950843,32.637172264051,2373018
2014-07-28,33.04,33.2,32.74,33.12,1567351,0.2,1,32.676732472856,32.834973308075,32.380030906819,32.755852890465,1567351
2014-07-25,33.48,33.535,33.15,33.17,723795,0,1,32.913143900744,32.967212685527,32.588731192045,32.608392568329,723795
2014-07-24,33.56,33.59,33.325,33.48,842992,0,1,32.991789405883,33.02128147031,32.760768234537,32.913143900744,842992
2014-07-23,33.195,33.66,32.89,33.54,1406736,0,1,32.632969288685,33.090096287307,32.333133300342,32.972128029598,1406736
2014-07-22,33.475,33.69,33.11,33.16,1447788,0,1,32.908228556673,33.119588351734,32.549408439475,32.598561880187,1447788
2014-07-21,33.53,33.59,33.09,33.4,975333,0,1,32.962297341456,33.02128147031,32.52974706319,32.834498395605,975333
2014-07-18,33.23,33.72,32.95,33.62,1807503,0,1,32.667376697184,33.149080416161,32.392117429197,33.050773534737,1807503
2014-07-17,33.53,33.71,33.06,33.14,1311461,0,1,32.962297341456,33.139249728019,32.500254998763,32.578900503902,1311461
2014-07-16,33.85,33.9175,33.45,33.62,1427710,0,1,33.276879362012,33.343236506974,32.883651836317,33.050773534737,1427710
2014-07-15,33.75,33.88,33.44,33.58,1017565,0,1,33.178572480588,33.30637142644,32.873821148174,33.011450782168,1017565
2014-07-14,33.25,33.67,33.07,33.65,1826645,0,1,32.687038073469,33.099926975449,32.510085686905,33.080265599164,1826645
2014-07-11,33.19,33.25,32.83,33.05,1310530,0,1,32.628053944614,32.687038073469,32.274149171488,32.490424310621,1310530
2014-07-10,33.03,33.51,33.02,33.34,1465422,0,1,32.470762934336,32.942635965171,32.460932246194,32.77551426675,1465422
2014-07-09,33.27,33.63,33.21,33.55,1658886,0,1,32.706699449753,33.06060422288,32.647715320899,32.981958717741,1658886
2014-07-08,34.05,34.08,33.11,33.14,2888704,0,1,33.47349312486,33.502985189288,32.549408439475,32.578900503902,2888704
2014-07-07,34.67,34.82,33.98,34.07,1622197,0,1,34.082995789689,34.230456111825,33.404678307864,33.493154501145,1622197
2014-07-03,34.78,35,34.49,34.76,950155,0,1,34.191133359255,34.407408498388,33.906043403126,34.17147198297,950155
2014-07-02,34.69,34.9,34.53,34.68,1932590,0,1,34.102657165974,34.309101616964,33.945366155695,34.092826477831,1932590
2014-07-01,34.82,35.02,34.4301,34.51,1866283,0,1,34.230456111825,34.427069874673,33.847157581153,33.925704779411,1866283
2014-06-30,34.5,35.15,34.45,34.94,2413425,0,1,33.915874091268,34.554868820524,33.866720650556,34.348424369534,2413425
2014-06-27,34.42,34.75,34.32,34.69,2506850,0,1,33.837228586129,34.161641294828,33.738921704705,34.102657165974,2506850
2014-06-26,34.53,34.625,34.2,34.48,1900708,0,1,33.945366155695,34.038757693048,33.620953446996,33.896212714983,1900708
2014-06-25,34.2,34.83,34.09,34.63,2327812,0,1,33.620953446996,34.240286799967,33.51281587743,34.043673037119,2327812
2014-06-24,34.51,34.61,34.15,34.27,2441558,0,1,33.925704779411,34.024011660835,33.571800006284,33.689768263993,2441558
2014-06-23,34.37,34.69,33.71,34.66,1978556,0,1,33.788075145417,34.102657165974,33.139249728019,34.073165101547,1978556
2014-06-20,34.4,34.48,34.15,34.38,3350394,0,1,33.817567209844,33.896212714983,33.571800006284,33.797905833559,3350394
2014-06-19,34.49,34.55,34.03,34.28,1586280,0,1,33.906043403126,33.96502753198,33.453831748576,33.699598952135,1586280
2014-06-18,34.86,34.9,34.09,34.43,2269396,0,1,34.269778864394,34.309101616964,33.51281587743,33.847059274271,2269396
2014-06-17,33.35,35.19,33.33,34.81,5247155,0,1,32.785344954893,34.594191573094,32.765683578608,34.220625423682,5247155
2014-06-16,33.82,33.94,33.21,33.35,1376466,0,1,33.247387297585,33.365355555294,32.647715320899,32.785344954893,1376466
2014-06-13,34.06,34.19,33.72,33.96,1645967,0,1,33.483323813003,33.611122758854,33.149080416161,33.385016931579,1645967
2014-06-12,33.45,34.18,33.37,34.09,3057008,0,1,32.883651836317,33.601292070711,32.805006331177,33.51281587743,3057008
2014-06-11,33.625,33.76,33.14,33.53,1545645,0,1,33.055688878808,33.188403168731,32.578900503902,32.962297341456,1545645
2014-06-10,33.74,34.13,33.61,33.76,1877537,0,1,33.168741792446,33.55213863,33.040942846595,33.188403168731,1877537
2014-06-09,33.6,34.045,33.55,33.75,1310520,0,1,33.031112158453,33.468577780789,32.981958717741,33.178572480588,1310520
2014-06-06,33.16,33.72,33,33.68,1661364,0,1,32.598561880187,33.149080416161,32.441270869909,33.109757663592,1661364
2014-06-05,32.59,33.05,32.28,33.04,1237475,0,1,32.03821265607,32.490424310621,31.733461323656,32.480593622478,1237475
2014-06-04,32.43,32.64,32.11,32.51,1011762,0,1,31.880921645792,32.087366096782,31.566339625235,31.959567150931,1011762
2014-06-03,32.17,32.52,32,32.43,1981539,0,1,31.62532375409,31.969397839074,31.458202055669,31.880921645792,1981539
2014-06-02,32.37,32.75,32.14,32.22,1672455,0,1,31.821937516938,32.195503666349,31.595831689663,31.674477194802,1672455
2014-05-30,32.56,32.71,32.11,32.2,1984054,0,1,32.008720591643,32.156180913779,31.566339625235,31.654815818517,1984054
2014-05-29,32.5,32.58,32.16,32.57,1485649,0,1,31.949736462789,32.028381967928,31.615493065947,32.018551279786,1485649
2014-05-28,32.47,32.705,32.1,32.41,1797104,0,1,31.920244398362,32.151265569708,31.556508937093,31.861260269507,1797104
2014-05-27,32.75,32.92,32.19,32.4,2498051,0,1,32.195503666349,32.36262536477,31.644985130375,31.851429581365,2498051
2014-05-23,32.84,33,32.49,32.89,2091413,0,1,32.28397985963,32.441270869909,31.939905774646,32.333133300342,2091413
2014-05-22,32.45,32.65,32.24,32.59,1622068,0,1,31.900583022077,32.097196784925,31.694138571087,32.03821265607,1622068
2014-05-21,32.43,32.62,32.31,32.51,1241260,0,1,31.880921645792,32.067704720498,31.762953388083,31.959567150931,1241260
2014-05-20,32.68,32.67,32.155,32.29,1459039,0,1,32.126688849352,32.11685816121,31.610577721876,31.743292011799,1459039
2014-05-19,31.93,32.9,31.86,32.63,3089627,0,1,31.389387238672,32.342963988485,31.320572421675,32.07753540864,3089627
2014-05-16,32.02,32.2,31.85,32.06,2180336,0,1,31.477863431954,31.654815818517,31.310741733533,31.517186184523,2180336
2014-05-15,31.93,32.09,31.375,32.07,2463541,0,1,31.389387238672,31.546678248951,30.843784046769,31.527016872666,2463541
2014-05-14,32.06,32.25,31.71,32.06,2136664,0,1,31.517186184523,31.703969259229,31.17311209954,31.517186184523,2136664
2014-05-13,31.9,32.27,31.9,32.15,2151178,0,1,31.359895174245,31.723630635514,31.359895174245,31.605662377805,2151178
2014-05-12,31.435,32.1,31.35,31.94,2740406,0,1,30.902768175624,31.556508937093,30.819207326413,31.399217926815,2740406
2014-05-09,31.61,31.68,31.17,31.21,1390369,0,1,31.074805218116,31.143620035112,30.64225493985,30.68157769242,1390369
2014-05-08,31.21,31.62,31.17,31.61,2259639,0,1,30.68157769242,31.084635906258,30.64225493985,31.074805218116,2259639
2014-05-07,31.01,31.34,30.57,31.33,2393979,0,1,30.484963929572,30.809376638271,30.052413651306,30.799545950128,2393979
2014-05-06,30.75,31.48,30.66,31.03,3395139,0,1,30.229366037869,30.947006272264,30.140889844588,30.504625305857,3395139
2014-05-05,30.32,30.995,30.26,30.74,4339355,0,1,29.806646447746,30.470217897358,29.747662318892,30.219535349727,4339355
2014-05-02,30.09,30.52,30.06,30.25,1981937,0,1,29.580540620471,30.003260210594,29.551048556044,29.73783163075,1981937
2014-05-01,30.35,30.48,30,30.07,3253903,0,1,29.836138512174,29.963937458025,29.49206442719,29.560879244187,3253903
2014-04-30,31.24,32.73,29.25,30.24,7312449,0,1,30.711069756847,32.175842290064,28.75476281651,29.728000942607,7312449
2014-04-29,29.15,29.87,29.15,29.75,3577427,0,1,28.656455935086,29.364265481339,28.656455935086,29.24629722363,3577427
2014-04-28,29.19,29.27,28.85,29.08,3205337,0.2,1,28.695778687656,28.774424192795,28.361535290814,28.587641118089,3205337
2014-04-25,29.52,29.69,29.165,29.27,1944390,0,1,28.821966045287,28.987946202052,28.475360423807,28.577877579456,1944390
2014-04-24,29.89,29.96,29.46,29.63,1698350,0,1,29.183216974716,29.251561745149,28.763384813487,28.929364970252,1698350
2014-04-23,30.14,30.35,29.815,29.84,1836870,0,1,29.427305440547,29.632339751845,29.109990434967,29.13439928155,1836870
2014-04-22,30.46,30.48,30.07,30.2,1914878,0,1,29.73973867681,29.759265754077,29.358960670114,29.485886672346,1914878
2014-04-21,30.4,30.5,30.0496,30.35,1604089,0,1,29.681157445011,29.778792831343,29.339043051302,29.632339751845,1604089
2014-04-17,30.34,30.468,29.81,30.22,1605713,0,1,29.622576213211,29.747549507717,29.10510866565,29.505413749613,1605713
2014-04-16,30.15,30.56,30.15,30.44,2142513,0,1,29.43706897918,29.837374063142,29.43706897918,29.720211599544,2142513
2014-04-15,30.12,30.4,29.52,29.94,2224860,0,1,29.40777836328,29.681157445011,28.821966045287,29.232034667882,2224860
2014-04-14,29.92,30.59,29.86,30.33,1930280,0,1,29.212507590616,29.866664679042,29.153926358816,29.612812674578,1930280
2014-04-11,30.39,30.49,29.58,29.74,3231740,0,1,29.671393906377,29.76902929271,28.880547277086,29.036763895218,3231740
2014-04-10,31.7,31.7,30.2,30.31,3406132,0,1,30.95041746733,30.95041746733,29.485886672346,29.593285597312,3406132
2014-04-09,30.58,31.71,30.43,31.68,4636300,0,1,29.856901140409,30.960181005963,29.71044806091,30.930890390064,4636300
2014-04-08,30.85,30.9,30.04,30.47,3764900,0,1,30.120516683506,30.169334376672,29.329670054215,29.749502215443,3764900
2014-04-07,32.01,32.2,30.64,30.98,4056100,0,1,31.25308716496,31.438594398992,29.915482372208,30.247442685738,4056100
2014-04-04,32.16,32.47,31.87,32.18,3383600,0,1,31.399540244459,31.702209942089,31.116397624095,31.419067321725,3383600
2014-04-03,31.57,32.7,31.53,32.06,6396700,0,1,30.823491465098,31.926771330653,30.784437310565,31.301904858126,6396700
2014-04-02,30.45,31.38,30.42,31.38,4700900,0,1,29.729975138177,30.637984231067,29.700684522277,30.637984231067,4700900
2014-04-01,30.19,30.6,29.95,30.46,3919800,0,1,29.476123133713,29.876428217675,29.241798206515,29.73973867681,3919800
2014-03-31,29.83,30.02,29.63,29.95,2291600,0,1,29.124635742917,29.310142976948,28.929364970252,29.241798206515,2291600
2014-03-28,29.05,29.97,29,29.68,3159800,0,1,28.363079729525,29.261325283782,28.314262036359,28.978182663418,3159800
2014-03-27,29.69,30.22,29.64,29.97,2789200,0,1,28.987946202052,29.505413749613,28.939128508885,29.261325283782,2789200
2014-03-26,30.13,30.27,29.49,29.65,3279400,0,1,29.417541901914,29.554231442779,28.792675429387,28.948892047519,3279400
2014-03-25,29.79,30.11,29.64,29.89,4438600,0,1,29.085581588384,29.398014824647,28.939128508885,29.183216974716,4438600
2014-03-24,29.31,29.85,29.12,29.75,3684600,0,1,28.616931733989,29.144162820183,28.431424499958,29.046527433851,3684600
2014-03-21,29.3,29.55,29.11,29.25,4396100,0,1,28.607168195356,28.851256661186,28.421660961324,28.55835050219,4396100
2014-03-20,29.02,29.25,28.43,29.07,2694800,0,1,28.333789113625,28.55835050219,27.757740334265,28.382606806791,2694800
2014-03-19,29.1,29.5,29.06,29.1,2689000,0,1,28.411897422691,28.80243896802,28.372843268158,28.411897422691,2689000
2014-03-18,28.76,29.32,28.75,29.14,2161700,0,1,28.079937109161,28.626695272622,28.070173570528,28.450951577224,2161700
2014-03-17,28.12,28.81,28.12,28.69,2703000,0,1,27.455070636635,28.128754802328,27.455070636635,28.011592338729,2703000
2014-03-14,28.11,28.49,27.93,28.08,3097300,0,1,27.445307098002,27.816321566064,27.269563402604,27.416016482102,3097300
2014-03-13,28.94,29.07,28.06,28.23,5677700,0,1,28.25568080456,28.382606806791,27.396489404836,27.5624695616,5677700
2014-03-12,29.48,29.64,28.72,28.75,5528700,0,1,28.782911890754,28.939128508885,28.040882954629,28.070173570528,5528700
2014-03-11,29.92,30.04,29.32,29.73,4770900,0,1,29.212507590616,29.329670054215,28.626695272622,29.027000356584,4770900
2014-03-10,30.57,30.69,29.85,29.98,5923500,0,1,29.847137601776,29.964300065374,29.144162820183,29.271088822415,5923500
2014-03-07,31.12,31.15,30.72,30.85,2700200,0,1,30.384132226603,30.413422842503,29.993590681274,30.120516683506,2700200
2014-03-06,31.22,31.56,30.91,30.93,2127000,0,1,30.481767612935,30.813727926465,30.179097915305,30.198624992572,2127000
2014-03-05,30.77,31.58,30.65,31.24,2691600,0,1,30.04240837444,30.833255003731,29.925245910841,30.501294690202,2691600
2014-03-04,30.81,31.09,30.49,30.69,2813400,0,1,30.081462528973,30.354841610703,29.76902929271,29.964300065374,2813400
2014-03-03,30.45,30.68,30.12,30.48,2804600,0,1,29.729975138177,29.954536526741,29.40777836328,29.759265754077,2804600
2014-02-28,31.43,31.5,30.49,30.71,4458300,0,1,30.686801924233,30.755146694666,29.76902929271,29.983827142641,4458300
2014-02-27,30.94,31.45,30.88,31.34,3209300,0,1,30.208388531205,30.7063290015,30.149807299406,30.598930076534,3209300
2014-02-26,31.57,31.67,30.76,30.9,3784600,0,1,30.823491465098,30.921126851431,30.032644835807,30.169334376672,3784600
2014-02-25,31.24,31.78,31.24,31.7,5407100,0,1,30.501294690202,31.028525776396,30.501294690202,30.95041746733,5407100
2014-02-24,30.68,31.56,30.44,31.27,5092700,0,1,29.954536526741,30.813727926465,29.720211599544,30.530585306101,5092700
2014-02-21,30.84,31.08,30.49,30.57,5542600,0,1,30.110753144873,30.34507807207,29.76902929271,29.847137601776,5542600
2014-02-20,31.24,31.61,30.85,30.86,3881200,0,1,30.501294690202,30.862545619631,30.120516683506,30.130280222139,3881200
2014-02-19,31.25,31.97,31.13,31.45,4315400,0,1,30.511058228835,31.214033010427,30.393895765236,30.7063290015,4315400
2014-02-18,31.56,31.68,31.08,31.3,2924700,0,1,30.813727926465,30.930890390064,30.34507807207,30.559875922001,2924700
2014-02-14,31.16,31.65,31.03,31.61,3940900,0,1,30.423186381136,30.901599774164,30.296260378904,30.862545619631,3940900
2014-02-13,30.49,31.56,30.39,31.3,5330300,0,1,29.76902929271,30.813727926465,29.671393906377,30.559875922001,5330300
2014-02-12,30.81,31.21,30.43,30.55,3931100,0,1,30.081462528973,30.472004074302,29.71044806091,29.827610524509,3931100
2014-02-11,30.84,31.15,30.5,30.71,4151300,0,1,30.110753144873,30.413422842503,29.778792831343,29.983827142641,4151300
2014-02-10,31.19,32.27,30.44,30.93,6970700,0,1,30.452476997036,31.506939169424,29.720211599544,30.198624992572,6970700
2014-02-07,30.24,31.6,30.07,31.53,12644900,0,1,29.524940826879,30.852782080998,29.358960670114,30.784437310565,12644900
2014-02-06,29.85,30.4,29.74,29.96,5775500,0,1,29.144162820183,29.681157445011,29.036763895218,29.251561745149,5775500
2014-02-05,29.95,30.25,29.63,29.75,4767200,0,1,29.241798206515,29.534704365512,28.929364970252,29.046527433851,4767200
2014-02-04,28.86,30.32,28.69,30.2,8335000,0,1,28.177572495494,29.603049135945,28.011592338729,29.485886672346,8335000
2014-02-03,30.05,30.4,28.65,28.83,9806400,0,1,29.339433592848,29.681157445011,27.972538184196,28.148281879594,9806400
2014-01-31,30.47,30.86,29.96,30.04,13857900,0,1,29.749502215443,30.130280222139,29.251561745149,29.329670054215,13857900
2014-01-30,31.5,33.13,29.56,31.4,36645400,0,1,30.755146694666,32.346603491882,28.86102019982,30.657511308333,36645400
2014-01-29,37.93,38.21,37.61,37.81,4651800,0,1,37.033102035831,37.306481117561,36.720668799568,36.915939572232,4651800
2014-01-28,38.13,38.52,37.84,38.28,2978600,0,1,37.228372808495,37.609150815191,36.945230188132,37.374825887994,2978600
2014-01-27,39.22,39.22,37.77,38.14,4235500,0.2,1,38.292598519517,38.292598519517,36.876885417699,37.238136347129,4235500
2014-01-24,38.89,39.17,38.76,38.78,4630500,0,1,37.772329748039,38.044282752139,37.646065853279,37.665491067857,4630500
2014-01-23,39.32,39.48,38.99,39.02,2901900,0,1,38.189971861479,38.345373578107,37.869455820932,37.8985936428,2901900
2014-01-22,39.58,39.8,39.46,39.56,2224600,0,1,38.442499651,38.656177011365,38.325948363529,38.423074436422,2224600
2014-01-21,39.89,40.44,39.52,39.58,4397400,0,1,38.743590476968,39.277783877879,38.384224007264,38.442499651,4397400
2014-01-17,39.27,40.07,39.14,39.66,2882800,0,1,38.141408825032,38.918417408175,38.015144930272,38.520200509314,2882800
2014-01-16,38.96,39.49,38.9,39.19,1935500,0,1,37.840317999064,38.355086185397,37.782042355329,38.063707966718,1935500
2014-01-15,38.94,39.01,38.58,38.95,3415200,0,1,37.820892784486,37.888881035511,37.471238922071,37.830605391775,3415200
2014-01-14,38.92,39.37,38.1,38.94,4698600,0,1,37.801467569907,38.238534897925,37.005033772186,37.820892784486,4698600
2014-01-13,39.09,39.58,38.84,39.01,2462300,0,1,37.966581893825,38.442499651,37.723766711593,37.888881035511,2462300
2014-01-10,39.34,39.7,38.99,39.08,2250800,0,1,38.209397076057,38.559050938472,37.869455820932,37.956869286536,2250800
2014-01-09,39.6,39.86,39.05,39.22,3492900,0,1,38.461924865579,38.7144526551,37.927731464668,38.092845788586,3492900
2014-01-08,40.13,40.49,39.31,39.46,2971500,0,1,38.976693051911,39.326346914325,38.180259254189,38.325948363529,2971500
2014-01-07,39.7,40.31,39.68,40.2,2390900,0,1,38.559050938472,39.151519983118,38.539625723893,39.044681302936,2390900
2014-01-06,39.67,40.02,39.48,39.65,2448200,0,1,38.529913116604,38.869854371729,38.345373578107,38.510487902025,2448200
2014-01-03,39.77,39.9,39.41,39.5,2134200,0,1,38.627039189497,38.753303084257,38.277385327082,38.364798792686,2134200
2014-01-02,40.4,40.6,39.38,39.62,3834400,0,1,39.238933448722,39.433185594508,38.248247505214,38.481350080157,3834400
2013-12-31,40.59,40.85,40.17,40.47,2587900,0,1,39.423472987218,39.67600077674,39.015543481068,39.306921699747,2587900
2013-12-30,41.15,41.39,40.43,40.58,1985300,0,1,39.967378995418,40.200481570361,39.26807127059,39.413760379929,1985300
2013-12-27,40.89,41.26,40.88,41.15,2162900,0,1,39.714851205897,40.074217675601,39.705138598608,39.967378995418,2162900
2013-12-26,40.2,41.03,40.19,40.94,2475400,0,1,39.044681302936,39.850827707947,39.034968695647,39.763414242343,2475400
2013-12-24,39.97,40.22,39.97,40.16,548000,0,1,38.821291335282,39.064106517515,38.821291335282,39.005830873779,548000
2013-12-23,39.78,40.1,39.72,40.01,2000400,0,1,38.636751796786,38.947555230043,38.57847615305,38.86014176444,2000400
2013-12-20,40.15,40.15,39.43,39.69,3475000,0,1,38.99611826649,38.99611826649,38.296810541661,38.549338331182,3475000
2013-12-19,40.2,40.43,39.89,39.95,2110000,0,1,39.044681302936,39.26807127059,38.743590476968,38.801866120704,2110000
2013-12-18,39.6,40.24,39.28,40.15,4132500,0,1,38.461924865579,39.083531732093,38.151121432322,38.99611826649,4132500
2013-12-17,39.67,40,39.46,39.5,2348000,0,1,38.529913116604,38.85042915715,38.325948363529,38.364798792686,2348000
2013-12-16,38.99,39.62,38.94,39.51,3671000,0,1,37.869455820932,38.481350080157,37.820892784486,38.374511399975,3671000
2013-12-13,39.19,39.28,38.4,38.8,4722600,0,1,38.063707966718,38.151121432322,37.296411990864,37.684916282436,4722600
2013-12-12,39.6,39.75,39.17,39.25,3188700,0,1,38.461924865579,38.607613974918,38.044282752139,38.121983610454,3188700
2013-12-11,39.85,40.45,39.54,39.7,2339300,0,1,38.704740047811,39.287496485168,38.403649221843,38.559050938472,2339300
2013-12-10,39.71,40.08,39.31,39.82,3608500,0,1,38.568763545761,38.928130015465,38.180259254189,38.675602225943,3608500
2013-12-09,40.53,40.94,39.62,39.69,3518100,0,1,39.365197343483,39.763414242343,38.481350080157,38.549338331182,3518100
2013-12-06,41.03,41.63,40.42,40.52,3388700,0,1,39.850827707947,40.433584145304,39.2583586633,39.355484736193,3388700
2013-12-05,40.47,40.88,40.28,40.74,2443000,0,1,39.306921699747,39.705138598608,39.12238216125,39.569162096558,2443000
2013-12-04,40.3,41.12,40.15,40.63,1941700,0,1,39.141807375829,39.93824117355,38.99611826649,39.462323416375,1941700
2013-12-03,40.07,40.78,39.82,40.47,3286000,0,1,38.918417408175,39.608012525715,38.675602225943,39.306921699747,3286000
2013-12-02,40.77,41.16,40.25,40.35,3093100,0,1,39.598299918425,39.977091602708,39.093244339382,39.190370412275,3093100
2013-11-29,40.95,41.01,40.5,40.56,1470500,0,1,39.773126849633,39.831402493368,39.336059521615,39.39433516535,1470500
2013-11-27,40.88,41.34,40.67,40.85,2418900,0,1,39.705138598608,40.151918533915,39.501173845533,39.67600077674,2418900
2013-11-26,41.42,41.95,40.82,40.85,4504200,0,1,40.229619392229,40.744387578561,39.646862954872,39.67600077674,4504200
2013-11-25,42.34,42.37,39.71,41.46,20415200,0,1,41.123179262844,41.152317084711,38.568763545761,40.268469821386,20415200
2013-11-22,43.5,44.4,43.5,44.01,2997000,0,1,42.249841708401,43.123976364437,42.249841708401,42.745184680155,2997000
2013-11-21,43.78,44.34,43.22,43.35,4725800,0,1,42.521794712501,43.065700720701,41.977888704301,42.104152599062,4725800
2013-11-20,45,46.05,43.05,43.84,7999900,0,1,43.706732801794,44.726556567169,41.812774380383,42.580070356237,7999900
2013-11-19,42.66,43.27,42.65,42.81,2670000,0,1,41.433982696101,42.026451740747,41.424270088811,41.57967180544,2670000
2013-11-18,43.12,43.2,42.57,42.77,2574600,0,1,41.880762631408,41.958463489722,41.346569230497,41.540821376283,2574600
2013-11-15,43.5,43.62,43.01,43.25,1896400,0,1,42.249841708401,42.366392995872,41.773923951226,42.007026526169,1896400
2013-11-14,42.83,43.46,42.26,43.37,2278400,0,1,41.599097020019,42.210991279244,41.045478404529,42.12357781364,2278400
2013-11-13,42.39,42.89,42.23,42.74,1935100,0,1,41.17174229929,41.657372663754,41.016340582661,41.511683554415,1935100
2013-11-12,42.47,42.86,42.29,42.59,1943800,0,1,41.249443157604,41.628234841887,41.074616226397,41.365994445076,1943800
2013-11-11,42.58,42.94,42.48,42.68,1573300,0,1,41.356281837786,41.705935700201,41.259155764894,41.453407910679,1573300
2013-11-08,42.57,42.76,42.14,42.4,2170700,0,1,41.346569230497,41.531108768994,40.928927117058,41.181454906579,2170700
2013-11-07,43.46,43.82,42.44,42.63,2304600,0,1,42.210991279244,42.560645141658,41.220305335736,41.404844874233,2304600
2013-11-06,43.24,43.83,43.16,43.26,1299200,0,1,41.997313918879,42.570357748947,41.919613060565,42.016739133458,1299200
2013-11-05,43.06,43.39,42.75,43.15,1509500,0,1,41.822486987672,42.143003028219,41.521396161704,41.909900453276,1509500
2013-11-04,43.53,43.67,42.29,43.18,2058100,0,1,42.278979530269,42.414956032319,41.074616226397,41.939038275144,2058100
2013-11-01,43.39,44,43.04,43.46,1946000,0,1,42.143003028219,42.735472072865,41.803061773094,42.210991279244,1946000
2013-10-31,42.86,43.96,42.81,43.37,2903500,0,1,41.628234841887,42.696621643708,41.57967180544,42.12357781364,2903500
2013-10-30,42.6,43.28,42.49,42.97,4399200,0,1,41.375707052365,42.036164348037,41.268868372183,41.735073522069,4399200
2013-10-29,41.95,42.78,41.81,42.6,2605000,0,1,40.744387578561,41.550533983572,40.608411076511,41.375707052365,2605000
2013-10-28,42.07,42.19,41.66,41.78,1753100,0,1,40.860938866033,40.977490153504,40.462721967172,40.579273254643,1753100
2013-10-25,42.19,42.32,41.98,42.17,2177200,0,1,40.977490153504,41.103754048265,40.773525400429,40.958064938926,2177200
2013-10-24,41.65,42.24,41.62,42.18,2753700,0,1,40.453009359883,41.026053189951,40.423871538015,40.967777546215,2753700
2013-10-23,41.39,41.7,41.13,41.58,2271600,0,1,40.200481570361,40.501572396329,39.94795378084,40.385021108858,2271600
2013-10-22,40.84,41.47,40.7,41.45,2161200,0,1,39.66628816945,40.278182428676,39.5303116674,40.258757214097,2161200
2013-10-21,40.94,41.09,40.5,40.83,2443000,0,1,39.763414242343,39.909103351683,39.336059521615,39.656575562161,2443000
2013-10-18,40.54,41.2,40.5,40.99,3703500,0,1,39.374909950772,40.015942031865,39.336059521615,39.81197727879,3703500
2013-10-17,39.74,40.33,39.58,40.3,2584600,0,1,38.597901367629,39.170945197697,38.442499651,39.141807375829,2584600
2013-10-16,39.18,39.86,38.37,39.86,3179000,0,1,38.053995359429,38.7144526551,37.267274168996,38.7144526551,3179000
2013-10-15,40.01,40.56,39.15,39.15,3056700,0,1,38.86014176444,39.39433516535,38.024857537561,38.024857537561,3056700
2013-10-14,39.24,40.23,39.11,40.01,3208600,0,1,38.112271003164,39.073819124804,37.986007108404,38.86014176444,3208600
2013-10-11,39.72,39.79,39.22,39.34,3553300,0,1,38.57847615305,38.646464404075,38.092845788586,38.209397076057,3553300
2013-10-10,39.71,40.46,39.65,39.73,2710300,0,1,38.568763545761,39.297209092458,38.510487902025,38.58818876034,2710300
2013-10-09,39.15,39.45,38.83,39.33,2208700,0,1,38.024857537561,38.316235756239,37.714054104304,38.199684468768,2208700
2013-10-08,39.54,39.7,38.94,39,2182900,0,1,38.403649221843,38.559050938472,37.820892784486,37.879168428222,2182900
2013-10-07,39.63,39.98,39.58,39.61,1712900,0,1,38.491062687447,38.831003942572,38.442499651,38.471637472868,1712900
2013-10-04,39.88,40.1,39.64,40.06,1675900,0,1,38.733877869679,38.947555230043,38.500775294736,38.908704800886,1675900
2013-10-03,40.45,40.62,39.8,39.88,2452200,0,1,39.287496485168,39.452610809086,38.656177011365,38.733877869679,2452200
2013-10-02,40.35,40.69,39.94,40.68,1823100,0,1,39.190370412275,39.520599060111,38.792153513415,39.510886452822,1823100
2013-10-01,40.72,41.04,40.44,40.48,2494200,0,1,39.549736881979,39.860540315236,39.277783877879,39.316634307036,2494200
2013-09-30,41.04,41.15,40.63,40.66,2321300,0,1,39.860540315236,39.967378995418,39.462323416375,39.491461238243,2321300
2013-09-27,41.8,41.83,41.15,41.26,2145700,0,1,40.598698469222,40.62783629109,39.967378995418,40.074217675601,2145700
2013-09-26,41.88,42.42,41.88,42.13,1612100,0,1,40.676399327536,41.200880121158,40.676399327536,40.919214509769,1612100
2013-09-25,42.61,42.88,41.9,41.95,2463800,0,1,41.385419659654,41.647660056465,40.695824542115,40.744387578561,2463800
2013-09-24,42.8,42.92,42.05,42.7,3255200,0,1,41.569959198151,41.686510485622,40.841513651454,41.472833125258,3255200
2013-09-23,42.32,43.02,41.91,42.88,2648100,0,1,41.103754048265,41.783636558515,40.705537149404,41.647660056465,2648100
2013-09-20,42.61,42.65,41.96,42.32,5268800,0,1,41.385419659654,41.424270088811,40.754100185851,41.103754048265,5268800
2013-09-19,42,42.79,41.85,42.69,4199100,0,1,40.792950615008,41.560246590862,40.647261505668,41.463120517969,4199100
2013-09-18,41.27,41.95,41.04,41.93,2192000,0,1,40.08393028289,40.744387578561,39.860540315236,40.724962363983,2192000
2013-09-17,41.53,41.74,41.12,41.33,2747600,0,1,40.336458072411,40.540422825486,39.93824117355,40.142205926626,2747600
2013-09-16,40.55,41.66,40.47,41.48,3323200,0,1,39.384622558061,40.462721967172,39.306921699747,40.287895035965,3323200
2013-09-13,39.82,40.21,39.38,40.03,1105900,0,1,38.675602225943,39.054393910225,38.248247505214,38.879566979018,1105900
2013-09-12,40.01,40.2,39.66,39.7,1497800,0,1,38.86014176444,39.044681302936,38.520200509314,38.559050938472,1497800
2013-09-11,40.51,40.57,39.72,40.14,1861000,0,1,39.345772128904,39.40404777264,38.57847615305,38.9864056592,1861000
2013-09-10,40.27,40.73,40.1,40.5,1699600,0,1,39.112669553961,39.559449489268,38.947555230043,39.336059521615,1699600
2013-09-09,39.63,40.09,39.38,39.97,1510100,0,1,38.491062687447,38.937842622754,38.248247505214,38.821291335282,1510100
2013-09-06,40.09,40.1,39.17,39.48,2630400,0,1,38.937842622754,38.947555230043,38.044282752139,38.345373578107,2630400
2013-09-05,39.07,40.2,39.05,39.95,2387200,0,1,37.947156679247,39.044681302936,37.927731464668,38.801866120704,2387200
2013-09-04,39.05,39.56,38.91,39.11,3309100,0,1,37.927731464668,38.423074436422,37.791754962618,37.986007108404,3309100
2013-09-03,40,40.23,39.04,39.14,3995800,0,1,38.85042915715,39.073819124804,37.918018857379,38.015144930272,3995800
2013-08-30,40.71,40.77,39.71,39.83,2303400,0,1,39.54002427469,39.598299918425,38.568763545761,38.685314833232,2303400
2013-08-29,40.35,41.28,40.25,40.71,1576800,0,1,39.190370412275,40.093642890179,39.093244339382,39.54002427469,1576800
2013-08-28,40.46,40.73,40.28,40.45,1568400,0,1,39.297209092458,39.559449489268,39.12238216125,39.287496485168,1568400
2013-08-27,40.75,41,40.45,40.47,1700700,0,1,39.578874703847,39.821689886079,39.287496485168,39.306921699747,1700700
2013-08-26,41.24,41.45,41.1,41.26,1249100,0,1,40.054792461022,40.258757214097,39.918815958972,40.074217675601,1249100
2013-08-23,41.52,41.59,41.12,41.25,1063300,0,1,40.326745465122,40.394733716147,39.93824117355,40.064505068311,1063300
2013-08-22,40.83,41.62,40.67,41.51,1463200,0,1,39.656575562161,40.423871538015,39.501173845533,40.317032857833,1463200
2013-08-21,41.08,41.15,40.71,40.87,2871600,0,1,39.899390744393,39.967378995418,39.54002427469,39.695425991318,2871600
2013-08-20,40.85,41.3,40.67,41.25,1791900,0,1,39.67600077674,40.113068104758,39.501173845533,40.064505068311,1791900
2013-08-19,40.93,41.15,40.62,40.85,1902200,0,1,39.753701635054,39.967378995418,39.452610809086,39.67600077674,1902200
2013-08-16,40,41.14,39.95,41.06,2059300,0,1,38.85042915715,39.957666388129,38.801866120704,39.879965529815,2059300
2013-08-15,40.65,40.71,40,40.12,3019700,0,1,39.481748630954,39.54002427469,38.85042915715,38.966980444622,3019700
2013-08-14,40.93,41.24,40.87,40.88,1426000,0,1,39.753701635054,40.054792461022,39.695425991318,39.705138598608,1426000
2013-08-13,41.12,41.21,40.89,41,1691400,0,1,39.93824117355,40.025654639154,39.714851205897,39.821689886079,1691400
2013-08-12,41.08,41.41,40.93,40.96,2048900,0,1,39.899390744393,40.21990678494,39.753701635054,39.782839456922,2048900
2013-08-09,41.04,41.56,40.84,41.2,1645800,0,1,39.860540315236,40.365595894279,39.66628816945,40.015942031865,1645800
2013-08-08,40.4,41.1,40.28,41.05,1930600,0,1,39.238933448722,39.918815958972,39.12238216125,39.870252922525,1930600
2013-08-07,40.27,40.46,39.92,40.34,2177200,0,1,39.112669553961,39.297209092458,38.772728298836,39.180657804986,2177200
2013-08-06,41.16,41.18,40.1,40.21,3153100,0,1,39.977091602708,39.996516817286,38.947555230043,39.054393910225,3153100
2013-08-05,40.5,41.29,40.17,41.25,2307800,0,1,39.336059521615,40.103355497468,39.015543481068,40.064505068311,2307800
2013-08-02,39.84,40.69,39.7,40.6,3732100,0,1,38.695027440522,39.520599060111,38.559050938472,39.433185594508,3732100
2013-08-01,40,40.42,39.6,39.75,6364400,0,1,38.85042915715,39.2583586633,38.461924865579,38.607613974918,6364400
2013-07-31,43.12,44,40,40.08,9357600,0,1,41.880762631408,42.735472072865,38.85042915715,38.928130015465,9357600
2013-07-30,41.38,42.55,41.32,42.09,3280200,0,1,40.190768963072,41.327144015919,40.132493319336,40.880364080611,3280200
2013-07-29,40.92,41.37,40.87,41.16,1003100,0.125,1,39.743989027765,40.181056355783,39.695425991318,39.977091602708,1003100
2013-07-26,41.47,41.62,40.94,41.16,1307200,0,1,40.156230804512,40.301478805975,39.643021199342,39.856051601488,1307200
2013-07-25,42.08,42.46,41.37,41.6,2065100,0,1,40.746906010462,41.114867614169,40.059398803537,40.28211240578,2065100
2013-07-24,42.42,42.54,41.81,42.09,842100,0,1,41.076134813779,41.192333214949,40.485459607829,40.75658921056,842100
2013-07-23,42.23,42.65,41.86,42.32,1152100,0,1,40.892154011925,41.298848416022,40.533875608316,40.979302812803,1152100
2013-07-22,42.18,42.39,41.81,42,1950800,0,1,40.843738011438,41.047085213486,40.485459607829,40.669440409682,1950800
2013-07-19,42.48,42.65,42.04,42.17,1775100,0,1,41.134234014364,41.298848416022,40.708173210072,40.83405481134,1775100
2013-07-18,42.89,42.95,42.43,42.49,1460900,0,1,41.531245218363,41.589344418949,41.085818013876,41.143917214462,1460900
2013-07-17,43.08,43.45,42.54,42.7,1467700,0,1,41.715226020217,42.073504423826,41.192333214949,41.34726441651,1467700
2013-07-16,43.78,43.84,42.9,42.96,2257800,0,1,42.393050027045,42.45114922763,41.540928418461,41.599027619046,2257800
2013-07-15,43.2,44.56,43.15,43.86,3481400,0,1,41.831424421387,43.148339634653,41.783008420899,42.470515627825,3481400
2013-07-12,42.63,43.06,42.47,43.02,2068300,0,1,41.279482015827,41.695859620022,41.124550814267,41.657126819631,2068300
2013-07-11,42.23,42.89,42.22,42.69,2651200,0,1,40.892154011925,41.531245218363,40.882470811828,41.337581216412,2651200
2013-07-10,42.13,42.34,41.21,41.88,4244100,0,1,40.79532201095,40.998669212998,39.904467601976,40.553242008511,4244100
2013-07-09,40.2,42.75,40.12,42.02,6988200,0,1,38.926464392124,41.395680416998,38.848998791344,40.688806809877,6988200
2013-07-08,39.84,40.22,39.7,39.95,4096000,0,1,38.577869188613,38.945830792319,38.442304387247,38.684384389686,4096000
2013-07-05,39.49,39.62,39.28,39.61,1778700,0,1,38.238957185199,38.364838786467,38.03560998315,38.355155586369,1778700
2013-07-03,39.43,39.53,39.2,39.24,1821900,0,1,38.180857984613,38.277689985589,37.95814438237,37.99687718276,1821900
2013-07-02,40.35,40.61,39.49,39.59,3925200,0,1,39.071712393587,39.323475596123,38.238957185199,38.335789186174,3925200
2013-07-01,39.99,40.76,39.99,40.43,2547400,0,1,38.723117190076,39.468723597587,38.723117190076,39.149177994368,2547400
2013-06-28,40.33,40.63,39.8,39.85,4006800,0,1,39.052345993392,39.342841996319,38.539136388222,38.58755238871,4006800
2013-06-27,41.17,41.28,40.16,40.35,2368900,0,1,39.865734801586,39.972250002659,38.887731591734,39.071712393587,2368900
2013-06-26,40.47,41.08,40.41,40.95,2833000,0,1,39.187910794758,39.778586000708,39.129811594173,39.65270439944,2833000
2013-06-25,39.46,40.18,39.38,40.03,2636700,0,1,38.209907584906,38.907097991929,38.132441984126,38.761849990466,2636700
2013-06-24,39.09,39.31,38.63,39.14,2706900,0,1,37.851629181297,38.064659583443,37.40620197681,37.900045181785,2706900
2013-06-21,39.74,39.77,39.06,39.37,3805000,0,1,38.481037187637,38.51008678793,37.822579581004,38.122758784028,3805000
2013-06-20,40.3,40.3,39.23,39.42,3818800,0,1,39.0232963931,39.0232963931,37.987193982662,38.171174784516,3818800
2013-06-19,40.85,41.4,40.48,40.55,3077600,0,1,39.555872398465,40.088448403829,39.197593994855,39.265376395538,3077600
2013-06-18,39.84,40.79,39.69,40.77,2668600,0,1,38.577869188613,39.497773197879,38.432621187149,39.478406797684,2668600
2013-06-17,39.54,40.07,39.24,39.62,3908600,0,1,38.287373185686,38.800582790856,37.99687718276,38.364838786467,3908600
2013-06-14,38.83,39.49,38.73,39.41,4755000,0,1,37.599865978761,38.238957185199,37.503033977785,38.161491584418,4755000
2013-06-13,39.06,39.3,38.09,38.77,8204700,0,1,37.822579581004,38.054976383345,36.883309171543,37.541766778175,8204700
2013-06-12,40.11,40.15,39.03,39.15,3174500,0,1,38.839315591246,38.878048391636,37.793529980712,37.909728381882,3174500
2013-06-11,39.67,40.11,39.63,39.92,3273300,0,1,38.413254786954,38.839315591246,38.374521986564,38.655334789393,3273300
2013-06-10,40.18,40.23,39.84,40.01,4273700,0,1,38.907097991929,38.955513992417,38.577869188613,38.742483590271,4273700
2013-06-07,40.18,40.67,40.01,40.21,3439600,0,1,38.907097991929,39.381574796709,38.742483590271,38.936147592222,3439600
2013-06-06,39.76,40.25,39.43,40,3988000,0,1,38.500403587832,38.974880392612,38.180857984613,38.732800390173,3988000
2013-06-05,40.11,40.19,39.66,39.74,4412800,0,1,38.839315591246,38.916781192027,38.403571586857,38.481037187637,4412800
2013-06-04,40.89,41.19,39.93,40.4,4389200,0,1,39.594605198855,39.885101201781,38.665017989491,39.120128394075,4389200
2013-06-03,40.98,41.7,40.05,41.05,3896700,0,1,39.681753999733,40.378944406756,38.781216390661,39.749536400415,3896700
2013-05-31,41.18,41.51,40.56,40.59,3041300,0,1,39.875418001683,40.194963604902,39.275059595636,39.304109195928,3041300
2013-05-30,41.94,42.05,41.17,41.21,3086200,0,1,40.611341209097,40.71785641017,39.865734801586,39.904467601976,3086200
2013-05-29,41.93,42.11,41.62,42,3533000,0,1,40.601658008999,40.775955610755,40.301478805975,40.669440409682,3533000
2013-05-28,42.73,42.8,42.24,42.32,2184300,0,1,41.376314016803,41.444096417485,40.901837212023,40.979302812803,2184300
2013-05-24,41.78,42.65,41.74,42.33,2219000,0,1,40.456410007536,41.298848416022,40.417677207146,40.988986012901,2219000
2013-05-23,40.95,42.18,40.76,42.1,2675400,0,1,39.65270439944,40.843738011438,39.468723597587,40.766272410657,2675400
2013-05-22,42.27,42.44,41.07,41.17,3118600,0,1,40.930886812316,41.095501213974,39.76890280061,39.865734801586,3118600
2013-05-21,41.84,42.67,41.84,42.35,2441900,0,1,40.514509208121,41.318214816217,40.514509208121,41.008352413096,2441900
2013-05-20,42.75,43,41.86,41.88,4689600,0,1,41.395680416998,41.637760419436,40.533875608316,40.553242008511,4689600
2013-05-17,41.83,43.43,41.83,43.3,2700600,0,1,40.504826008024,42.054138023631,40.504826008024,41.928256422363,2700600
2013-05-16,42.39,42.54,41.78,41.83,2255800,0,1,41.047085213486,41.192333214949,40.456410007536,40.504826008024,2255800
2013-05-15,42.92,42.92,42.04,42.4,2929600,0,1,41.560294818656,41.560294818656,40.708173210072,41.056768413584,2929600
2013-05-14,43.01,43.31,42.52,42.88,2290500,0,1,41.647443619534,41.93793962246,41.172966814754,41.521562018266,2290500
2013-05-13,44.01,44.11,42.65,42.81,3298800,0,1,42.615763629288,42.712595630264,41.298848416022,41.453779617583,3298800
2013-05-10,44.87,44.92,44.04,44.13,1855200,0,1,43.448518837677,43.496934838165,42.644813229581,42.731962030459,1855200
2013-05-09,44.48,45.04,44.43,44.7,1596400,0,1,43.070874033873,43.613133239335,43.022458033385,43.283904436019,1596400
2013-05-08,44.4,44.99,43.93,44.47,2576500,0,1,42.993408433092,43.564717238847,42.538298028508,43.061190833775,2576500
2013-05-07,44.44,44.88,44.15,44.4,2737100,0,1,43.032141233483,43.458202037774,42.751328430654,42.993408433092,2737100
2013-05-06,43.76,44.46,43.36,44.36,3038000,0,1,42.37368362685,43.051507633678,41.986355622948,42.954675632702,3038000
2013-05-03,42.83,43.95,42.75,43.5,4355900,0,1,41.473146017778,42.557664428703,41.395680416998,42.121920424313,4355900
2013-05-02,40.96,42.5,40.94,42.45,3901100,0,1,39.662387599537,41.153600414559,39.643021199342,41.105184414071,3901100
2013-05-01,41.3,42.64,40.19,40.64,9157600,0,1,39.991616402854,41.289165215925,38.916781192027,39.352525196416,9157600
2013-04-30,43.65,43.98,42.95,43.64,3230800,0,1,42.267168425777,42.586714028996,41.589344418949,42.257485225679,3230800
2013-04-29,44.07,44.8,43.53,43.64,2003800,0,1,42.673862829873,43.380736436994,42.150970024606,42.257485225679,2003800
2013-04-26,43.99,44.22,43.06,43.91,2674700,0,1,42.596397229093,42.819110831337,41.695859620022,42.518931628313,2674700
2013-04-25,43.58,44.46,43.46,44.04,1022400,0,1,42.199386025094,43.051507633678,42.083187623923,42.644813229581,1022400
2013-04-24,43.89,44.12,43.22,43.43,1636300,0,1,42.499565228118,42.722278830361,41.850790821582,42.054138023631,1636300
2013-04-23,43.88,44.61,43.59,43.76,1416000,0,1,42.48988202802,43.196755635141,42.209069225191,42.37368362685,1416000
2013-04-22,43.78,44.12,43.06,43.84,1421900,0.125,1,42.393050027045,42.722278830361,41.695859620022,42.45114922763,1421900
2013-04-19,43.47,44,43.11,43.84,1355300,0,1,41.973193606848,42.484944069503,41.625589519007,42.330453363796,1355300
2013-04-18,43.9,43.96,43.18,43.66,1520000,0,1,42.388387378436,42.446321393077,41.693179202754,42.156651319875,1520000
2013-04-17,43.25,44.06,42.92,43.93,2953400,0,1,41.760768886501,42.542878084144,41.442131805979,42.417354385756,2953400
2013-04-16,44.32,44.58,42.75,43.39,5261200,0,1,42.793925480918,43.044972877692,41.277985431165,41.895948253994,5261200
2013-04-15,45.94,45.96,44.02,44.02,3515700,0,1,44.358143876204,44.377455214418,42.504255407717,42.504255407717,3515700
2013-04-12,45,46.05,44.99,45.98,4546800,0,1,43.450510980174,44.464356236378,43.440855311067,44.396766552631,4546800
2013-04-11,45.75,45.78,44.97,45.07,2470600,0,1,44.174686163177,44.203653170497,43.421543972854,43.518100663921,2470600
2013-04-10,45.35,45.77,43.86,45.61,6183900,0,1,43.788459398909,44.19399750139,42.34976470201,44.039506795683,6183900
2013-04-09,46.6,46.71,44.94,45.01,3354000,0,1,44.995418037247,45.101630397421,43.392576965534,43.460166649281,3354000
2013-04-08,46.13,46.6,45.64,46.58,2375800,0,1,44.541601589232,44.995418037247,44.068473803003,44.976106699033,2375800
2013-04-05,44.21,46.64,43.26,46.32,4863900,0,1,42.687713120744,45.034040713674,41.770424555607,44.725059302259,4863900
2013-04-04,46.1,46.2,44.52,44.83,6295100,0,1,44.512634581912,44.609191272979,42.987038863052,43.28636460536,6295100
2013-04-03,45,46.24,44.57,45.95,11209700,0,1,43.450510980174,44.647813949405,43.035317208586,44.367799545311,11209700
2013-04-02,47.24,47.72,46.28,46.47,9261300,0,1,45.613380860076,46.076852977198,44.686436625832,44.86989433886,9261300
2013-04-01,48.85,48.86,47.54,48,3179500,0,1,47.167943586256,47.177599255362,45.903050933277,46.347211712186,3179500
2013-03-28,48.7,48.99,48.33,48.94,2289900,0,1,47.023108549655,47.303122953749,46.665848792707,47.254844608216,2289900
2013-03-27,48.23,49.25,48.23,48.59,1464000,0,1,46.56929210164,47.554170350524,46.56929210164,46.916896189481,1464000
2013-03-26,48.72,48.95,48.24,48.35,1448100,0,1,47.042419887868,47.264500277323,46.578947770746,46.68516013092,1448100
2013-03-25,49.16,49.38,48.32,48.47,1284500,0,1,47.467269328563,47.679694048911,46.6561931236,46.801028160201,1284500
2013-03-22,48.95,49.48,48.27,48.83,2031700,0,1,47.264500277323,47.776250739978,46.607914778067,47.148632248042,2031700
2013-03-21,48.87,50.35,48.8,48.88,2613500,0,1,47.187254924469,48.616293952261,47.119665240722,47.196910593576,2613500
2013-03-20,49.39,49.61,48.9,49.02,1173000,0,1,47.689349718018,47.901774438365,47.216221931789,47.332089961069,1173000
2013-03-19,49.17,49.68,48.85,49.1,1075700,0,1,47.47692499767,47.969364122112,47.167943586256,47.409335313923,1075700
2013-03-18,49.05,49.57,48.5,49.16,991400,0,1,47.36105696839,47.863151761938,46.829995167521,47.467269328563,991400
2013-03-15,48.94,49.55,48.76,49.41,1408400,0,1,47.254844608216,47.843840423725,47.081042564295,47.708661056231,1408400
2013-03-14,49.73,50.37,49.08,49.23,1612300,0,1,48.017642467646,48.635605290475,47.39002397571,47.53485901231,1612300
2013-03-13,48.67,50.2,48.67,49.73,1725600,0,1,46.994141542335,48.471458915661,46.994141542335,48.017642467646,1725600
2013-03-12,48.52,48.96,48.52,48.74,1716500,0,1,46.849306505734,47.274155946429,46.849306505734,47.061731226082,1716500
2013-03-11,47.81,49.29,47.76,48.45,1244000,0,1,46.163753999158,47.592793026951,46.115475653625,46.781716821987,1244000
2013-03-08,48.24,48.85,47.76,47.88,1339200,0,1,46.578947770746,47.167943586256,46.115475653625,46.231343682905,1339200
2013-03-07,48.29,48.66,47.92,48.04,1419900,0,1,46.62722611628,46.984485873228,46.269966359332,46.385834388612,1419900
2013-03-06,49.27,49.36,48.31,48.35,1268100,0,1,47.573481688737,47.660382710697,46.646537454493,46.68516013092,1268100
2013-03-05,48.83,49.66,48.8,48.98,1689800,0,1,47.148632248042,47.950052783899,47.119665240722,47.293467284643,1689800
2013-03-04,47.95,48.73,47.94,48.71,1533200,0,1,46.298933366652,47.052075556975,46.289277697545,47.032764218762,1533200
2013-03-01,47.5,48.2,47.3,47.93,1444200,0,1,45.86442825685,46.54032509432,45.671314874716,46.279622028439,1444200
2013-02-28,47.93,48.4,47.3,47.89,2128100,0,1,46.279622028439,46.733438476454,45.671314874716,46.240999352012,2128100
2013-02-27,46.31,48.3,46.31,47.99,3015600,0,1,44.715403633152,46.636881785387,44.715403633152,46.337556043079,3015600
2013-02-26,46.35,46.72,46.35,46.57,1396600,0,1,44.754026309579,45.111286066527,44.754026309579,44.966451029927,1396600
2013-02-25,47.47,47.95,46.13,46.24,1926500,0,1,45.83546124953,46.298933366652,44.541601589232,44.647813949405,1926500
2013-02-22,46.58,47.34,46.41,46.98,1480400,0,1,44.976106699033,45.709937551143,44.811960324219,45.362333463302,1480400
2013-02-21,47.2,47.31,45.92,46.39,2271700,0,1,45.574758183649,45.680970543823,44.338832537991,44.792648986006,2271700
2013-02-20,47.75,47.89,47.11,47.36,2823200,0,1,46.105819984518,46.240999352012,45.487857161689,45.729248889356,2823200
2013-02-19,46.4,47.51,46.35,47.27,2831300,0,1,44.802304655113,45.874083925957,44.754026309579,45.642347867396,2831300
2013-02-15,46.96,47.27,46.1,46.4,1908300,0,1,45.343022125088,45.642347867396,44.512634581912,44.802304655113,1908300
2013-02-14,47.47,47.57,46.65,46.73,1771600,0,1,45.83546124953,45.932017940597,45.04369638278,45.120941735634,1771600
2013-02-13,47.51,47.69,47.2,47.4,1261700,0,1,45.874083925957,46.047885969878,45.574758183649,45.767871565783,1261700
2013-02-12,47.7,47.88,47.03,47.29,1520900,0,1,46.057541638984,46.231343682905,45.410611808835,45.661659205609,1520900
2013-02-11,47.75,47.96,47.59,47.63,965300,0,1,46.105819984518,46.308589035759,45.951329278811,45.989951955237,965300
2013-02-08,48.05,48.25,47.45,47.67,1368300,0,1,46.395490057719,46.588603439853,45.816149911317,46.028574631664,1368300
2013-02-07,48.12,48.47,47.93,48.15,2067000,0,1,46.463079741466,46.801028160201,46.279622028439,46.492046748786,2067000
2013-02-06,47.63,48.39,47.6,47.92,1735900,0,1,45.989951955237,46.723782807347,45.960984947917,46.269966359332,1735900
2013-02-05,47.49,48.05,47.01,48.01,2436000,0,1,45.854772587744,46.395490057719,45.391300470622,46.356867381292,2436000
2013-02-04,47.31,47.52,47.15,47.15,2189800,0,1,45.680970543823,45.883739595064,45.526479838116,45.526479838116,2189800
2013-02-01,47.89,47.89,47.09,47.59,2978600,0,1,46.240999352012,46.240999352012,45.468545823475,45.951329278811,2978600
2013-01-31,47.76,48.31,47.41,47.5,2835400,0,1,46.115475653625,46.646537454493,45.77752723489,45.86442825685,2835400
2013-01-30,49,49.1,47.4,48,5990300,0,1,47.312778622856,47.409335313923,45.767871565783,46.347211712186,5990300
2013-01-29,46.97,47,46.45,46.51,1960600,0,1,45.352677794195,45.381644801515,44.850583000646,44.908517015286,1960600
2013-01-28,47.25,47.47,46.47,46.97,952900,0.125,1,45.623036529183,45.83546124953,44.86989433886,45.352677794195,952900
2013-01-25,47.04,47.3,46.63,47.18,1443200,0,1,45.29971256904,45.550093633409,44.904880890611,45.434533142162,1443200
2013-01-24,47.42,47.81,46.6,46.81,1848200,0,1,45.665654124657,46.041225721212,44.875990767799,45.078221627482,1848200
2013-01-23,47.86,48.18,47.19,47.36,1543300,0,1,46.089375925898,46.397537235892,45.444163183099,45.607873879033,1543300
2013-01-22,48.23,48.25,47.25,47.98,1319000,0,1,46.445687440578,46.464947522453,45.501943428723,46.204936417146,1319000
2013-01-18,48.54,48.91,47.67,47.98,2667700,0,1,46.744218709634,47.100530224314,45.906405148089,46.204936417146,2667700
2013-01-17,47.99,48.16,47.71,47.99,1620700,0,1,46.214566458083,46.378277154017,45.944925311839,46.214566458083,1620700
2013-01-16,47.18,47.9,46.96,47.79,2200800,0,1,45.434533142162,46.127896089647,45.222672241541,46.021965639337,2200800
2013-01-15,47.01,47.5,46.55,47.25,1729400,0,1,45.270822446228,45.742694452155,44.827840563112,45.501943428723,1729400
2013-01-14,46.97,47.5,46.5,47.38,1701900,0,1,45.232302282479,45.742694452155,44.779690358426,45.627133960908,1701900
2013-01-11,46.66,46.95,46.13,46.84,1180000,0,1,44.933771013423,45.213042200604,44.423378843746,45.107111750294,1180000
2013-01-10,46.34,46.66,45.69,46.5,2739700,0,1,44.625609703429,44.933771013423,43.999657042505,44.779690358426,2739700
2013-01-09,46.59,46.69,45.63,46,2016600,0,1,44.866360726861,44.962661136234,43.941876796881,44.298188311561,2016600
2013-01-08,47.01,47.5,45.83,46.47,2234200,0,1,45.270822446228,45.742694452155,44.134477615627,44.750800235614,2234200
2013-01-07,46.26,47.17,46.25,46.66,1597300,0,1,44.548569375931,45.424903101225,44.538939334993,44.933771013423,1597300
2013-01-04,46.23,46.8,45.86,46.75,1671900,0,1,44.519679253119,45.068591586545,44.163367738439,45.020441381858,1671900
2013-01-03,46.04,46.65,45.53,46.11,1998700,0,1,44.33670847531,44.924140972485,43.845576387508,44.404118761871,1998700
2013-01-02,47.06,47.31,45.93,46.02,2444500,0,1,45.318972650914,45.559723674347,44.230778025,44.317448393436,2444500
2012-12-31,45,46.65,44.6,46.49,1980000,0,1,43.335184217831,44.924140972485,42.94998258034,44.770060317489,1980000
2012-12-28,45.74,46.28,45.25,45.35,1599400,0,1,44.047807247191,44.567829457805,43.575935241264,43.672235650637,1599400
2012-12-27,45.33,46.48,45.12,46.23,2266200,0,1,43.652975568762,44.760430276551,43.450744709079,44.519679253119,2266200
2012-12-26,45.23,45.23,44.28,45.06,1354100,0,1,43.556675159389,43.556675159389,42.641821270346,43.392964463455,1354100
2012-12-24,44.61,45.42,44.42,45.12,474200,0,1,42.959612621277,43.739645937198,42.776641843468,43.450744709079,474200
2012-12-21,44.86,45.1,44.35,44.73,2796800,0,1,43.200363644709,43.431484627204,42.709231556907,43.075173112524,2796800
2012-12-20,44.99,45.72,44.71,45.37,1821000,0,1,43.325554176894,44.028547165317,43.05591303065,43.691495732511,1821000
2012-12-19,45.62,45.62,44.84,44.96,1314900,0,1,43.932246755944,43.932246755944,43.181103562835,43.296664054082,1314900
2012-12-18,46.33,47,45.32,45.73,3918900,0,1,44.615979662492,45.261192405291,43.643345527825,44.038177206254,3918900
2012-12-17,46.06,46.74,45.36,46.33,2063600,0,1,44.355968557185,45.010811340921,43.681865691574,44.615979662492,2063600
2012-12-14,45,46.09,44.7,45.9,2476600,0,1,43.335184217831,44.384858679997,43.046282989713,44.201887902188,2476600
2012-12-13,45.02,45.53,44.6,45,1064900,0,1,43.354444299706,43.845576387508,42.94998258034,43.335184217831,1064900
2012-12-12,45.27,45.64,44.85,45.22,1218200,0,1,43.595195323138,43.951506837818,43.190733603772,43.547045118452,1218200
2012-12-11,45.49,45.59,44.85,45.03,1050800,0,1,43.807056223759,43.903356633132,43.190733603772,43.364074340643,1050800
2012-12-10,45.56,45.88,45.07,45.25,1026300,0,1,43.87446651032,44.182627820313,43.402594504392,43.575935241264,1026300
2012-12-07,44,45.97,43.98,45.55,4140200,0,1,42.372180124102,44.269298188749,42.352920042227,43.864836469383,4140200
2012-12-06,43.83,44.19,43.25,43.88,2269300,0.125,1,42.208469428168,42.55515090191,41.649927053805,42.256619632854,2269300
2012-12-05,44.04,44.32,43.75,44.07,1065400,0,1,42.290229033767,42.559104241066,42.011751140493,42.319037091692,1065400
2012-12-04,44.31,45,43.95,44,1392800,0,1,42.549501555091,43.212086887364,42.203804859992,42.251818289867,1392800
2012-12-03,45.81,45.88,44.28,44.72,2737400,0,1,43.989904451336,44.057123253161,42.520693497166,42.943211680065,2737400
2012-11-30,44.83,45.98,44.73,45.9,2852600,0,1,43.048841225789,44.153150112911,42.95281436604,44.076328625111,2852600
2012-11-29,44.3,45.21,44.16,44.79,1909000,0,1,42.539898869116,43.413743292838,42.405461265466,43.010430481889,1909000
2012-11-28,42.38,44.27,42.38,44.15,3446300,0,1,40.696183161922,42.511090811191,40.696183161922,42.395858579491,3446300
2012-11-27,45,45,43.45,43.57,6803800,0,1,43.212086887364,43.212086887364,41.723670561243,41.838902792943,6803800
2012-11-26,42.65,43.27,42.61,43.1,1697200,0,1,40.955455683246,41.550822213694,40.917044939346,41.38757655212,1697200
2012-11-23,42.73,42.91,42.43,42.86,364900,0,1,41.032277171046,41.205125518595,40.744196591797,41.15711208872,364900
2012-11-21,42.3,42.7,42.11,42.66,796400,0,1,40.619361674122,41.003469113121,40.436910640598,40.965058369221,796400
2012-11-20,41.79,42.34,41.7,42.25,1526200,0,1,40.129624689398,40.657772418022,40.043200515624,40.571348244247,1526200
2012-11-19,41.46,42.28,41.2,41.74,1741100,0,1,39.812736052224,40.600156302172,39.563066216875,40.081611259524,1741100
2012-11-16,41.5,41.64,40.94,41.03,2192300,0,1,39.851146796124,39.985584399774,39.313396381526,39.399820555301,2192300
2012-11-15,41.5,41.97,40.99,41.4,2118000,0,1,39.851146796124,40.302473036948,39.361409811401,39.755119936375,2118000
2012-11-14,42.77,42.77,41.39,41.51,1523400,0,1,41.070687914946,41.070687914946,39.7455172504,39.860749482099,1523400
2012-11-13,42.41,43.19,42.2,42.83,1392100,0,1,40.724991219847,41.474000725894,40.523334814372,41.128304030795,1392100
2012-11-12,43.06,44.97,42.7,42.85,1072700,0,1,41.34916580822,43.183278829439,41.003469113121,41.147509402745,1072700
2012-11-09,42.09,43.35,41.87,43.06,3040300,0,1,40.417705268648,41.627643701494,40.206446177198,41.34916580822,3040300
2012-11-08,40.98,42.34,40.39,41.76,1589400,0,1,39.351807125426,40.657772418022,38.785248652903,40.100816631474,1589400
2012-11-07,41.6,41.83,40.85,40.98,2292200,0,1,39.947173655874,40.168035433298,39.226972207751,39.351807125426,2292200
2012-11-06,42.52,42.79,41.66,41.72,2102000,0,1,40.830620765571,41.089893286895,40.004789771724,40.062405887574,2102000
2012-11-05,41.5,42.51,41.17,41.88,1663900,0,1,39.851146796124,40.821018079596,39.53425815895,40.216048863173,1663900
2012-11-02,42.19,43,41.35,41.5,1864100,0,1,40.513732128397,41.29154969237,39.7071065065,39.851146796124,1864100
2012-11-01,41.51,41.83,40.97,41.28,2295400,0,1,39.860749482099,40.168035433298,39.342204439451,39.639887704675,2295400
2012-10-31,41.76,42,40.77,41.51,2729900,0,1,40.100816631474,40.331281094873,39.150150719952,39.860749482099,2729900
2012-10-26,40.98,42.58,40.92,41.86,3076600,0,1,39.351807125426,40.888236881421,39.294191009576,40.196843491223,3076600
2012-10-25,39.75,42.45,39.75,41.16,7659600,0,1,38.170676750505,40.763401963746,38.170676750505,39.524655472975,7659600
2012-10-24,38.15,38.57,37.55,38.32,2251600,0,1,36.63424699451,37.037559805458,36.058085836011,36.797492656084,2251600
2012-10-23,38.16,38.61,37.93,38.09,1848600,0,1,36.643849680484,37.075970549358,36.42298790306,36.57663087866,1848600
2012-10-22,38.6,38.97,38.35,38.9,1435300,0,1,37.066367863383,37.421667244457,36.826300714009,37.354448442632,1435300
2012-10-19,38.76,39.1,38.22,38.8,1514300,0,1,37.220010838983,37.546502162132,36.701465796334,37.258421582883,1514300
2012-10-18,37.26,39,36.91,38.56,3614600,0,1,35.779607942737,37.450475302382,35.443513933613,37.027957119483,3614600
2012-10-17,37.91,39,37.82,38.82,3869800,0,1,36.40378253111,37.450475302382,36.317358357336,37.277626954832,3869800
2012-10-16,36.99,38,36.55,37.84,3530900,0,1,35.520335421413,36.490206704885,35.097817238514,36.336563729285,3530900
2012-10-15,35.78,36.58,35.38,36.55,2831300,0,1,34.358410418442,35.126625296439,33.974302979443,35.097817238514,2831300
2012-10-12,36.23,36.5,35.98,36.48,2703100,0,1,34.790531287315,35.04980380864,34.550464137941,35.03059843669,2703100
2012-10-11,37.15,37.21,35.75,36.45,5293000,0,1,35.673978397013,35.731594512862,34.329602360517,35.001790378765,5293000
2012-10-10,36.97,37.64,36.73,37.06,4325900,0,1,35.501130049463,36.144510009786,35.270665586064,35.587554223238,4325900
2012-10-09,38.09,38.58,37.24,37.5,3872400,0,1,36.57663087866,37.047162491433,35.760402570787,36.010072406136,3872400
2012-10-08,36.64,38.54,36.56,38.23,3698600,0,1,35.184241412289,37.008751747533,35.107419924489,36.711068482309,3698600
2012-10-05,38.7,38.99,36.97,38.24,7520000,0,1,37.162394723133,37.440872616407,35.501130049463,36.720671168284,7520000
2012-10-04,39.09,39.38,38.39,38.57,3147300,0,1,37.536899476157,37.815377369431,36.864711457909,37.037559805458,3147300
2012-10-03,38.56,40.35,38.56,39.09,6480600,0,1,37.027957119483,38.746837909003,37.027957119483,37.536899476157,6480600
2012-10-02,37.18,38.55,36.3,38.33,9899000,0,1,35.702786454937,37.018354433508,34.85775008914,36.807095342059,9899000
